Kind,Family,Scenario,ContainerList,Sample,Enabled,Forks,CompleteForkMilliseconds,AllocatedBytes,MaterializationMilliseconds,AllocatedObjects,HydratedObjects,ReusedImmutableLeaves,PreparedStateHits,PreparedStateMisses,PreparedGraphs,DecodedObjects,NormalizedObjects,ReachabilityVisits,SlotRows,SlotExactRequirements,ResidentLeaves,LeafLogicalPayloadBytes,BaselineManagedHeapBytes,SampledPeakOccupiedManagedBytes,LiveManagedBytesWithCheckouts,LiveWithCheckoutsDeltaBytes,ManagedHeapAfterCheckoutReleaseBytes,AfterCheckoutReleaseDeltaBytes,ProcessLifetimePeakWorkingSetBytes
sample,False,leaf-heavy,False,0,True,8,1024.445,48582456,14.7371,6144,6144,28672,7,1,1,4352,4352,4352,4352,2,4096,16384,23259696,45709520,27948944,4689248,25732752,2473056,252878848
sample,False,leaf-heavy,False,0,False,8,753.7047000000001,48646904,15.5924,34816,34816,0,7,1,1,4352,4352,4352,4352,2,0,0,23363968,45873424,28504792,5140824,25502816,2138848,252878848
sample,False,leaf-heavy,False,1,False,8,812.9385000000001,48646904,42.3719,34816,34816,0,7,1,1,4352,4352,4352,4352,2,0,0,23363968,45873472,28504792,5140824,25502816,2138848,252878848
sample,False,leaf-heavy,False,1,True,8,773.0246,48410568,33.713,6144,6144,28672,7,1,1,4352,4352,4352,4352,2,4096,16384,23363968,45610136,28053048,4689080,25837024,2473056,252878848
sample,False,leaf-heavy,False,2,True,8,812.8356000000001,48409304,19.0249,6144,6144,28672,7,1,1,4352,4352,4352,4352,2,4096,16384,23363968,48947424,28053072,4689104,25837024,2473056,252878848
sample,False,leaf-heavy,False,2,False,8,790.8639000000001,48640944,15.0841,34816,34816,0,7,1,1,4352,4352,4352,4352,2,0,0,23363968,45761320,28504792,5140824,25502816,2138848,252878848
sample,False,leaf-heavy,False,3,False,8,768.8182999999999,48640944,14.6254,34816,34816,0,7,1,1,4352,4352,4352,4352,2,0,0,23363968,45872320,28504792,5140824,25502816,2138848,252878848
sample,False,leaf-heavy,False,3,True,8,788.5358000000001,48403584,14.2592,6144,6144,28672,7,1,1,4352,4352,4352,4352,2,4096,16384,23363968,45575000,28053024,4689056,25837024,2473056,252878848
sample,False,leaf-heavy,False,4,True,8,791.0795,48403088,19.4706,6144,6144,28672,7,1,1,4352,4352,4352,4352,2,4096,16384,23363968,48902208,28053048,4689080,25837024,2473056,252878848
sample,False,leaf-heavy,False,4,False,8,774.5317,48640944,14.8259,34816,34816,0,7,1,1,4352,4352,4352,4352,2,0,0,23363968,45726472,28504792,5140824,25502816,2138848,252878848
sample,False,all-mutable,False,0,True,8,1061.045,14614168,4.0796,8192,8192,0,7,1,1,1024,1024,1024,1024,1,0,0,23363848,29756160,25672984,2309136,23927088,563240,252878848
sample,False,all-mutable,False,0,False,8,702.4977000000001,14614128,4.5504,8192,8192,0,7,1,1,1024,1024,1024,1024,1,0,0,23350952,29758424,25664864,2313912,23918968,568016,252878848
sample,False,all-mutable,False,1,False,8,717.3222,14614160,3.7672,8192,8192,0,7,1,1,1024,1024,1024,1024,1,0,0,23342832,29740632,25664888,2322056,23918968,576136,252878848
sample,False,all-mutable,False,1,True,8,750.5728,14614200,3.3401,8192,8192,0,7,1,1,1024,1024,1024,1024,1,0,0,23342832,29742280,25664888,2322056,23918968,576136,252878848
sample,False,all-mutable,False,2,True,8,678.3522,14614200,3.4533,8192,8192,0,7,1,1,1024,1024,1024,1024,1,0,0,23342832,29740672,25664888,2322056,23918968,576136,252878848
sample,False,all-mutable,False,2,False,8,738.4632999999999,14614160,3.5691,8192,8192,0,7,1,1,1024,1024,1024,1024,1,0,0,23342864,29738160,25664920,2322056,23919000,576136,252878848
sample,False,all-mutable,False,3,False,8,692.3663,14614128,3.4897,8192,8192,0,7,1,1,1024,1024,1024,1024,1,0,0,23342864,29740552,25664920,2322056,23919000,576136,252878848
sample,False,all-mutable,False,3,True,8,693.1452,14614168,3.4188,8192,8192,0,7,1,1,1024,1024,1024,1024,1,0,0,23342864,29741424,25664920,2322056,23919000,576136,252878848
sample,False,all-mutable,False,4,True,8,877.0211999999999,14614168,3.4384,8192,8192,0,7,1,1,1024,1024,1024,1024,1,0,0,23335976,29733648,25656016,2320040,23910096,574120,252878848
sample,False,all-mutable,False,4,False,8,713.3604,14614128,3.4031,8192,8192,0,7,1,1,1024,1024,1024,1024,1,0,0,23333960,29725512,25656016,2322056,23910096,576136,252878848
sample,False,cycle,False,0,True,8,760.5719,48403184,17.9721,6144,6144,28672,7,1,1,4352,4352,4352,4352,2,4096,16384,23302224,48840464,27991304,4689080,25775280,2473056,252878848
sample,False,cycle,False,0,False,8,719.2091999999999,48641040,14.2906,34816,34816,0,7,1,1,4352,4352,4352,4352,2,0,0,23302224,45664728,28443048,5140824,25441072,2138848,252878848
sample,False,cycle,False,1,False,8,771.7189999999999,48641040,14.2962,34816,34816,0,7,1,1,4352,4352,4352,4352,2,0,0,23302224,45810576,28443048,5140824,25441072,2138848,252878848
sample,False,cycle,False,1,True,8,803.9035000000001,48403680,13.1386,6144,6144,28672,7,1,1,4352,4352,4352,4352,2,4096,16384,23302224,45654272,27991280,4689056,25775280,2473056,252878848
sample,False,cycle,False,2,True,8,824.5776999999999,48409472,12.4236,6144,6144,28672,7,1,1,4352,4352,4352,4352,2,4096,16384,23302224,45750968,27991256,4689032,25775280,2473056,252878848
sample,False,cycle,False,2,False,8,711.6676,48438992,14.7478,34816,34816,0,7,1,1,4352,4352,4352,4352,2,0,0,23302224,45514768,28443096,5140872,25441072,2138848,252878848
sample,False,cycle,False,3,False,8,1378.3898,48443256,13.7448,34816,34816,0,7,1,1,4352,4352,4352,4352,2,0,0,23302224,45514768,28443096,5140872,25441072,2138848,252878848
sample,False,cycle,False,3,True,8,879.7025000000001,48342960,18.0475,6144,6144,28672,7,1,1,4352,4352,4352,4352,2,4096,16384,23302224,48840464,27991304,4689080,25775280,2473056,252878848
sample,False,cycle,False,4,True,8,780.0439,48403184,17.5858,6144,6144,28672,7,1,1,4352,4352,4352,4352,2,4096,16384,23302224,48840464,27991304,4689080,25775280,2473056,252878848
sample,False,cycle,False,4,False,8,791.7262,48641040,14.2431,34816,34816,0,7,1,1,4352,4352,4352,4352,2,0,0,23302224,45664728,28443048,5140824,25441072,2138848,252878848
sample,False,pure-leaf,False,0,True,8,675.8342,670224,0.0409,1,1,7,7,1,1,1,1,1,1,1,1,4,23301784,23999224,23309976,8192,23306792,5008,252878848
sample,False,pure-leaf,False,0,False,8,685.0835999999999,669704,0.0509,8,8,0,7,1,1,1,1,1,1,1,0,0,23301784,23999056,23309888,8104,23306512,4728,252878848
sample,False,pure-leaf,False,1,False,8,824.4456,669704,0.0515,8,8,0,7,1,1,1,1,1,1,1,0,0,23301784,23999056,23309888,8104,23306512,4728,252878848
sample,False,pure-leaf,False,1,True,8,743.7859,670224,0.0404,1,1,7,7,1,1,1,1,1,1,1,1,4,23301784,23999224,23309976,8192,23306792,5008,252878848
sample,False,pure-leaf,False,2,True,8,625.6831999999999,670224,0.0424,1,1,7,7,1,1,1,1,1,1,1,1,4,23301784,23999264,23309976,8192,23306792,5008,252878848
sample,False,pure-leaf,False,2,False,8,732.3722,669704,0.0459,8,8,0,7,1,1,1,1,1,1,1,0,0,23301784,23999224,23309888,8104,23306512,4728,252878848
sample,False,pure-leaf,False,3,False,8,842.9576,669704,0.0471,8,8,0,7,1,1,1,1,1,1,1,0,0,23301784,23999224,23309888,8104,23306512,4728,252878848
sample,False,pure-leaf,False,3,True,8,701.3653000000002,670224,0.0403,1,1,7,7,1,1,1,1,1,1,1,1,4,23301784,23999224,23309976,8192,23306792,5008,252878848
sample,False,pure-leaf,False,4,True,8,700.2317,670224,0.0442,1,1,7,7,1,1,1,1,1,1,1,1,4,23301784,23999224,23309976,8192,23306792,5008,252878848
sample,False,pure-leaf,False,4,False,8,927.9495000000001,669704,0.0529,8,8,0,7,1,1,1,1,1,1,1,0,0,23301784,23999056,23309888,8104,23306512,4728,252878848
sample,False,deep-low-reuse,False,0,True,8,859.9772,61369648,5.8624,8200,8200,0,0,8,8,8200,8200,8200,1025,2,1,4,23451168,35927920,28602104,5150936,23904984,453816,252878848
sample,False,deep-low-reuse,False,0,False,8,741.2046,61367280,5.9858,8200,8200,0,0,8,8,8200,8200,8200,1025,2,0,0,23451168,35927408,28601848,5150680,23904704,453536,252878848
sample,False,deep-low-reuse,False,1,False,8,766.0519,61367280,5.8526,8200,8200,0,0,8,8,8200,8200,8200,1025,2,0,0,23451168,35927408,28601848,5150680,23904704,453536,252878848
sample,False,deep-low-reuse,False,1,True,8,744.1595,61369648,6.1669,8200,8200,0,0,8,8,8200,8200,8200,1025,2,1,4,23451168,35927920,28602104,5150936,23904984,453816,252878848
sample,False,deep-low-reuse,False,2,True,8,773.3785,61369592,6.1868,8200,8200,0,0,8,8,8200,8200,8200,1025,2,1,4,23451168,35927920,28602104,5150936,23904984,453816,252878848
sample,False,deep-low-reuse,False,2,False,8,2229.4449000000004,61367224,6.3331,8200,8200,0,0,8,8,8200,8200,8200,1025,2,0,0,23451168,35927408,28601848,5150680,23904704,453536,252878848
sample,False,deep-low-reuse,False,3,False,8,708.0071,61367224,6.0586,8200,8200,0,0,8,8,8200,8200,8200,1025,2,0,0,23451168,35927408,28601848,5150680,23904704,453536,252878848
sample,False,deep-low-reuse,False,3,True,8,715.0991,61369592,6.1163,8200,8200,0,0,8,8,8200,8200,8200,1025,2,1,4,23451168,35927920,28602104,5150936,23904984,453816,252878848
sample,False,deep-low-reuse,False,4,True,8,750.0454000000001,61369592,6.3229,8200,8200,0,0,8,8,8200,8200,8200,1025,2,1,4,23451168,35927920,28602104,5150936,23904984,453816,252878848
sample,False,deep-low-reuse,False,4,False,8,834.9974,61367224,6.0358,8200,8200,0,0,8,8,8200,8200,8200,1025,2,0,0,23451168,35927408,28503448,5052280,23806304,355136,252878848
sample,True,leaf-heavy,False,0,True,8,716.676,47732440,13.4932,6144,6144,28672,7,1,1,4352,4352,4352,4352,2,4096,16384,23785768,47431696,28492896,4707128,26260872,2475104,266403840
sample,True,leaf-heavy,False,0,False,8,690.5331,47976304,20.8993,34816,34816,0,7,1,1,4352,4352,4352,4352,2,0,0,23784864,47995792,28942944,5158080,25925760,2140896,266403840
sample,True,leaf-heavy,False,1,False,8,1329.8777,47976704,33.9303,34816,34816,0,7,1,1,4352,4352,4352,4352,2,0,0,23784864,49333864,28944552,5159688,25925760,2140896,266403840
sample,True,leaf-heavy,False,1,True,8,785.2068,47732440,24.132,6144,6144,28672,7,1,1,4352,4352,4352,4352,2,4096,16384,23784864,48992384,28492520,4707656,26259968,2475104,266403840
sample,True,leaf-heavy,False,2,True,8,777.9667999999999,47732440,14.8361,6144,6144,28672,7,1,1,4352,4352,4352,4352,2,4096,16384,23784864,49053296,28492520,4707656,26259968,2475104,266403840
sample,True,leaf-heavy,False,2,False,8,718.0479,47976704,32.5818,34816,34816,0,7,1,1,4352,4352,4352,4352,2,0,0,23784864,49494040,28944456,5159592,25925760,2140896,266403840
sample,True,leaf-heavy,False,3,False,8,680.3893,47972976,33.9169,34816,34816,0,7,1,1,4352,4352,4352,4352,2,0,0,23784864,49447008,28944456,5159592,25925760,2140896,266403840
sample,True,leaf-heavy,False,3,True,8,750.1076999999999,47739672,23.9977,6144,6144,28672,7,1,1,4352,4352,4352,4352,2,4096,16384,23784864,48991872,28492496,4707632,26259968,2475104,266403840
sample,True,leaf-heavy,False,4,True,8,685.649,47732440,16.2431,6144,6144,28672,7,1,1,4352,4352,4352,4352,2,4096,16384,23784864,49053496,28492520,4707656,26259968,2475104,266403840
sample,True,leaf-heavy,False,4,False,8,767.1361,47976704,35.5221,34816,34816,0,7,1,1,4352,4352,4352,4352,2,0,0,23784864,49493768,28944456,5159592,25925760,2140896,266403840
sample,True,all-mutable,False,0,True,8,747.1382,12747560,6.2875,8192,8192,0,7,1,1,1024,1024,1024,1024,1,0,0,23782720,30597712,26178480,2395760,24367048,584328,266403840
sample,True,all-mutable,False,0,False,8,780.2607999999999,12747520,6.2837,8192,8192,0,7,1,1,1024,1024,1024,1024,1,0,0,23782720,30597712,26178480,2395760,24367048,584328,266403840
sample,True,all-mutable,False,1,False,8,819.6659000000001,12747520,5.9209,8192,8192,0,7,1,1,1024,1024,1024,1024,1,0,0,23782720,30597712,26178480,2395760,24367048,584328,266403840
sample,True,all-mutable,False,1,True,8,611.9769,12747560,6.2594,8192,8192,0,7,1,1,1024,1024,1024,1024,1,0,0,23782720,30597712,26169584,2386864,24353936,571216,266403840
sample,True,all-mutable,False,2,True,8,719.9576,12747560,5.5793,8192,8192,0,7,1,1,1024,1024,1024,1024,1,0,0,23769608,30584600,26165368,2395760,24353936,584328,266403840
sample,True,all-mutable,False,2,False,8,704.6619000000001,12747520,6.3023,8192,8192,0,7,1,1,1024,1024,1024,1024,1,0,0,23769608,30584600,26165368,2395760,24353936,584328,266403840
sample,True,all-mutable,False,3,False,8,670.2021,12747520,5.758,8192,8192,0,7,1,1,1024,1024,1024,1024,1,0,0,23769608,30584600,26165368,2395760,24353936,584328,266403840
sample,True,all-mutable,False,3,True,8,708.2796,12747560,6.1718,8192,8192,0,7,1,1,1024,1024,1024,1024,1,0,0,23769608,30584600,26165368,2395760,24353936,584328,266403840
sample,True,all-mutable,False,4,True,8,1060.0817,12747560,6.1814,8192,8192,0,7,1,1,1024,1024,1024,1024,1,0,0,23769608,30572480,26165368,2395760,24353936,584328,266403840
sample,True,all-mutable,False,4,False,8,661.8012,12747520,6.1893,8192,8192,0,7,1,1,1024,1024,1024,1024,1,0,0,23769608,30584600,26165368,2395760,24353936,584328,266403840
sample,True,cycle,True,0,True,8,692.2196,47782568,22.7703,6152,6152,28672,7,1,1,4353,4353,4353,4353,2,4096,16384,23773264,48986480,28500072,4726808,26250688,2477424,266403840
sample,True,cycle,True,0,False,8,1218.3046,48026464,34.4684,34824,34824,0,7,1,1,4353,4353,4353,4353,2,0,0,23731472,49581312,28910304,5178832,25874776,2143304,266403840
sample,True,cycle,True,1,False,8,769.3505,48020936,22.5644,34824,34824,0,7,1,1,4353,4353,4353,4353,2,0,0,23731472,47955392,28908744,5177272,25874776,2143304,266403840
sample,True,cycle,True,1,True,8,783.6737,47782568,32.5244,6152,6152,28672,7,1,1,4353,4353,4353,4353,2,4096,16384,23731472,48945312,28458368,4726896,26208984,2477512,266403840
sample,True,cycle,True,2,True,8,743.6684000000001,47782400,30.9455,6152,6152,28672,7,1,1,4353,4353,4353,4353,2,4096,16384,23731472,49160920,28458368,4726896,26208984,2477512,266403840
sample,True,cycle,True,2,False,8,759.3844,48026464,33.9706,34824,34824,0,7,1,1,4353,4353,4353,4353,2,0,0,23731472,49580808,28910304,5178832,25874776,2143304,266403840
sample,True,cycle,True,3,False,8,675.99,48026096,20.5284,34824,34824,0,7,1,1,4353,4353,4353,4353,2,0,0,23731472,47954928,28908744,5177272,25874776,2143304,266403840
sample,True,cycle,True,3,True,8,727.6063,47782568,30.235,6152,6152,28672,7,1,1,4353,4353,4353,4353,2,4096,16384,23731472,48945400,28458368,4726896,26208984,2477512,266403840
sample,True,cycle,True,4,True,8,777.9665,47782400,30.0341,6152,6152,28672,7,1,1,4353,4353,4353,4353,2,4096,16384,23731472,49160984,28458368,4726896,26208984,2477512,266403840
sample,True,cycle,True,4,False,8,677.2500000000001,48026464,32.9348,34824,34824,0,7,1,1,4353,4353,4353,4353,2,0,0,23731472,49580336,28910304,5178832,25874776,2143304,266403840
sample,True,pure-leaf,False,0,True,8,733.1677,670168,0.0397,1,1,7,7,1,1,1,1,1,1,1,1,4,23726136,24423568,23734352,8216,23731168,5032,266403840
sample,True,pure-leaf,False,0,False,8,733.2188,669648,0.0511,8,8,0,7,1,1,1,1,1,1,1,0,0,23726136,24423568,23734264,8128,23730888,4752,266403840
sample,True,pure-leaf,False,1,False,8,691.1650999999999,669648,0.0496,8,8,0,7,1,1,1,1,1,1,1,0,0,23726112,24423552,23734264,8152,23730888,4776,266403840
sample,True,pure-leaf,False,1,True,8,733.7048000000001,670168,0.0419,1,1,7,7,1,1,1,1,1,1,1,1,4,23726136,24423592,23734352,8216,23731168,5032,266403840
sample,True,pure-leaf,False,2,True,8,797.8322999999999,670168,0.0398,1,1,7,7,1,1,1,1,1,1,1,1,4,23726112,24423544,23734352,8240,23731168,5056,266403840
sample,True,pure-leaf,False,2,False,8,783.1292,669648,0.0508,8,8,0,7,1,1,1,1,1,1,1,0,0,23726136,24423568,23734264,8128,23730888,4752,266403840
sample,True,pure-leaf,False,3,False,8,683.544,669648,0.0519,8,8,0,7,1,1,1,1,1,1,1,0,0,23726112,24423544,23734264,8152,23730888,4776,266403840
sample,True,pure-leaf,False,3,True,8,622.8983,670168,0.0407,1,1,7,7,1,1,1,1,1,1,1,1,4,23726136,24423568,23734352,8216,23731168,5032,266403840
sample,True,pure-leaf,False,4,True,8,691.2964,670168,0.0417,1,1,7,7,1,1,1,1,1,1,1,1,4,23726112,24423544,23734352,8240,23731168,5056,266403840
sample,True,pure-leaf,False,4,False,8,668.2642,669648,0.0477,8,8,0,7,1,1,1,1,1,1,1,0,0,23726136,24423568,23734264,8128,23730888,4752,266403840
sample,True,deep-low-reuse,False,0,True,8,741.3007,45443120,3.8855,8200,8200,0,0,8,8,8200,8200,8200,1025,2,1,4,23879280,33037928,29161288,5282008,24341288,462008,266403840
sample,True,deep-low-reuse,False,0,False,8,731.7755999999999,45440752,3.9644,8200,8200,0,0,8,8,8200,8200,8200,1025,2,0,0,23879280,33030792,29161032,5281752,24341008,461728,266403840
sample,True,deep-low-reuse,False,1,False,8,707.5134,45440752,3.8387,8200,8200,0,0,8,8,8200,8200,8200,1025,2,0,0,23879280,33030792,29161032,5281752,24341008,461728,266403840
sample,True,deep-low-reuse,False,1,True,8,1056.8797,45443120,3.8512,8200,8200,0,0,8,8,8200,8200,8200,1025,2,1,4,23879280,33037616,29161288,5282008,24341288,462008,266403840
sample,True,deep-low-reuse,False,2,True,8,724.5786999999999,45443120,3.7686,8200,8200,0,0,8,8,8200,8200,8200,1025,2,1,4,23879280,33037928,29161288,5282008,24341288,462008,266403840
sample,True,deep-low-reuse,False,2,False,8,732.7898,45440752,3.7071,8200,8200,0,0,8,8,8200,8200,8200,1025,2,0,0,23879280,33037160,29161032,5281752,24341008,461728,266403840
sample,True,deep-low-reuse,False,3,False,8,711.4876999999999,45440752,3.7829,8200,8200,0,0,8,8,8200,8200,8200,1025,2,0,0,23879280,33037160,29161032,5281752,24341008,461728,266403840
sample,True,deep-low-reuse,False,3,True,8,816.6121,45443120,3.8992,8200,8200,0,0,8,8,8200,8200,8200,1025,2,1,4,23879280,33037928,29161288,5282008,24341288,462008,266403840
sample,True,deep-low-reuse,False,4,True,8,840.7488999999999,45443120,4.1856,8200,8200,0,0,8,8,8200,8200,8200,1025,2,1,4,23879280,33037928,29161288,5282008,24341288,462008,266403840
sample,True,deep-low-reuse,False,4,False,8,723.5716,45440752,4.1352,8200,8200,0,0,8,8,8200,8200,8200,1025,2,0,0,23879280,33031040,29161032,5281752,24341008,461728,266403840
